feature,importance
conductivity,0.24033368355412876
hardness,0.22905371451911877
texture,0.22417694543551392
weight,0.15860249166874876
reflectivity,0.14783316482248973
