feature,importance
conductivity,0.2308720917433098
hardness,0.22012550650528573
texture,0.2180533777255719
weight,0.16928341990104903
reflectivity,0.1616656041247835
